training,gs://bdcc-project1-417811-images/013e75c696c928e8.jpg,Saxophone
training,gs://bdcc-project1-417811-images/02189732264c9d0d.jpg,Saxophone
training,gs://bdcc-project1-417811-images/027b59daf7d1f4a1.jpg,Saxophone
training,gs://bdcc-project1-417811-images/06c2bd3083b46f1e.jpg,Saxophone
training,gs://bdcc-project1-417811-images/07937478d93ef686.jpg,Saxophone
training,gs://bdcc-project1-417811-images/07ec4ed9ae660d12.jpg,Saxophone
training,gs://bdcc-project1-417811-images/0b28cf427db1f90f.jpg,Saxophone
training,gs://bdcc-project1-417811-images/0b93e142e8a2742c.jpg,Saxophone
training,gs://bdcc-project1-417811-images/12c4537e10e0f1f3.jpg,Saxophone
training,gs://bdcc-project1-417811-images/12f025f339decf6b.jpg,Saxophone
training,gs://bdcc-project1-417811-images/178886c89fcd87d5.jpg,Saxophone
training,gs://bdcc-project1-417811-images/19e46a3441e5b141.jpg,Saxophone
training,gs://bdcc-project1-417811-images/1a41fdbf88f26b58.jpg,Saxophone
training,gs://bdcc-project1-417811-images/1b236cde37307e6a.jpg,Saxophone
training,gs://bdcc-project1-417811-images/1c090df2d69ed603.jpg,Saxophone
training,gs://bdcc-project1-417811-images/1caa4c7e76d166b3.jpg,Saxophone
training,gs://bdcc-project1-417811-images/1d2e118c43a996e8.jpg,Saxophone
training,gs://bdcc-project1-417811-images/1d7026d94c78dcc7.jpg,Saxophone
training,gs://bdcc-project1-417811-images/242b17356385df17.jpg,Saxophone
training,gs://bdcc-project1-417811-images/24e3238659562ce3.jpg,Saxophone
training,gs://bdcc-project1-417811-images/25fbbb5459929bc3.jpg,Saxophone
training,gs://bdcc-project1-417811-images/287a0ccfa93ad499.jpg,Saxophone
training,gs://bdcc-project1-417811-images/29fb2071f7eade3b.jpg,Saxophone
training,gs://bdcc-project1-417811-images/324e8855390bc35d.jpg,Saxophone
training,gs://bdcc-project1-417811-images/329cf80dffcb43d9.jpg,Saxophone
training,gs://bdcc-project1-417811-images/32d382647dbefab0.jpg,Saxophone
training,gs://bdcc-project1-417811-images/36bd906d1ed455ac.jpg,Saxophone
training,gs://bdcc-project1-417811-images/37b2fae346eaa12c.jpg,Saxophone
training,gs://bdcc-project1-417811-images/382671f6cc505a22.jpg,Saxophone
training,gs://bdcc-project1-417811-images/3a992fe19a58dc61.jpg,Saxophone
training,gs://bdcc-project1-417811-images/3cd741b8d45a2f53.jpg,Saxophone
training,gs://bdcc-project1-417811-images/3d7d06240ec2ea6a.jpg,Saxophone
training,gs://bdcc-project1-417811-images/47fc65ca97e156db.jpg,Saxophone
training,gs://bdcc-project1-417811-images/4894bf92d1aeb024.jpg,Saxophone
training,gs://bdcc-project1-417811-images/48ba1d20a3d27e48.jpg,Saxophone
training,gs://bdcc-project1-417811-images/49d9590f60056c84.jpg,Saxophone
training,gs://bdcc-project1-417811-images/4dc147931c9d6df3.jpg,Saxophone
training,gs://bdcc-project1-417811-images/4e978d5e91f3f729.jpg,Saxophone
training,gs://bdcc-project1-417811-images/50e829459a9e639f.jpg,Saxophone
training,gs://bdcc-project1-417811-images/512740ff99fa5a80.jpg,Saxophone
training,gs://bdcc-project1-417811-images/552117413588d300.jpg,Saxophone
training,gs://bdcc-project1-417811-images/566c3ee7a0a1d856.jpg,Saxophone
training,gs://bdcc-project1-417811-images/5b9067ad09bfcff6.jpg,Saxophone
training,gs://bdcc-project1-417811-images/6256836f01f444bb.jpg,Saxophone
training,gs://bdcc-project1-417811-images/62cb07ec11d37f08.jpg,Saxophone
training,gs://bdcc-project1-417811-images/6584094e9f134656.jpg,Saxophone
training,gs://bdcc-project1-417811-images/66563d681a539862.jpg,Saxophone
training,gs://bdcc-project1-417811-images/67242264c2976357.jpg,Saxophone
training,gs://bdcc-project1-417811-images/6b99760f0923ea9a.jpg,Saxophone
training,gs://bdcc-project1-417811-images/6eaf4c0a08ee5f23.jpg,Saxophone
training,gs://bdcc-project1-417811-images/71087068bb0e70a4.jpg,Saxophone
training,gs://bdcc-project1-417811-images/7a1bcae1616c7dec.jpg,Saxophone
training,gs://bdcc-project1-417811-images/80c30a7079601180.jpg,Saxophone
training,gs://bdcc-project1-417811-images/82b02bfd724dfa66.jpg,Saxophone
training,gs://bdcc-project1-417811-images/85d3a73ee08a529e.jpg,Saxophone
training,gs://bdcc-project1-417811-images/86e5f56b39eb2946.jpg,Saxophone
training,gs://bdcc-project1-417811-images/87cbff866e3f1ca8.jpg,Saxophone
training,gs://bdcc-project1-417811-images/8953b80a2f51141e.jpg,Saxophone
training,gs://bdcc-project1-417811-images/8ab1bdfd3e3d4ee2.jpg,Saxophone
training,gs://bdcc-project1-417811-images/8f868733486290c2.jpg,Saxophone
training,gs://bdcc-project1-417811-images/90383ca31571eb59.jpg,Saxophone
training,gs://bdcc-project1-417811-images/966c4ad014927a33.jpg,Saxophone
training,gs://bdcc-project1-417811-images/975cec0b97e88adf.jpg,Saxophone
training,gs://bdcc-project1-417811-images/9fc1ee91675e72b2.jpg,Saxophone
training,gs://bdcc-project1-417811-images/a096acdbd71a0a3b.jpg,Saxophone
training,gs://bdcc-project1-417811-images/a1380d1eb2781676.jpg,Saxophone
training,gs://bdcc-project1-417811-images/aa08da98423dd5c0.jpg,Saxophone
training,gs://bdcc-project1-417811-images/acdc702037a472d1.jpg,Saxophone
training,gs://bdcc-project1-417811-images/ad3dc4d29422faf2.jpg,Saxophone
training,gs://bdcc-project1-417811-images/af96ab3e3f9581c1.jpg,Saxophone
training,gs://bdcc-project1-417811-images/b3a54fb6929ddf80.jpg,Saxophone
training,gs://bdcc-project1-417811-images/b7baedb49411dda7.jpg,Saxophone
training,gs://bdcc-project1-417811-images/b91043fee6366272.jpg,Saxophone
training,gs://bdcc-project1-417811-images/c0cfa9cbb3a5f8e7.jpg,Saxophone
training,gs://bdcc-project1-417811-images/c2ba255a6b9e7b9c.jpg,Saxophone
training,gs://bdcc-project1-417811-images/c2d2d4853b17928b.jpg,Saxophone
training,gs://bdcc-project1-417811-images/c347d70ab05d444d.jpg,Saxophone
training,gs://bdcc-project1-417811-images/cd28fc1be95dcb34.jpg,Saxophone
training,gs://bdcc-project1-417811-images/cd4169974f15db32.jpg,Saxophone
training,gs://bdcc-project1-417811-images/cfb1f50233941072.jpg,Saxophone
validation,gs://bdcc-project1-417811-images/d05a1f38372af6a9.jpg,Saxophone
validation,gs://bdcc-project1-417811-images/d2433f86e34c701c.jpg,Saxophone
validation,gs://bdcc-project1-417811-images/d33be5161b5fff6c.jpg,Saxophone
validation,gs://bdcc-project1-417811-images/d3451fc56a600e7e.jpg,Saxophone
validation,gs://bdcc-project1-417811-images/d8b8a4da16f1c760.jpg,Saxophone
validation,gs://bdcc-project1-417811-images/d9263e48f448f8e6.jpg,Saxophone
validation,gs://bdcc-project1-417811-images/dc7cfab5bf8b2665.jpg,Saxophone
validation,gs://bdcc-project1-417811-images/e6df98349c7b5c70.jpg,Saxophone
validation,gs://bdcc-project1-417811-images/e7612a7bf4ea3501.jpg,Saxophone
validation,gs://bdcc-project1-417811-images/e86be328a22f7ab5.jpg,Saxophone
test,gs://bdcc-project1-417811-images/ebd43dcc2825d520.jpg,Saxophone
test,gs://bdcc-project1-417811-images/ee46390c5e080dc2.jpg,Saxophone
test,gs://bdcc-project1-417811-images/f0a2bbe674ef2f31.jpg,Saxophone
test,gs://bdcc-project1-417811-images/f2bb08b61468124a.jpg,Saxophone
test,gs://bdcc-project1-417811-images/f4b94d6f7edabb1b.jpg,Saxophone
test,gs://bdcc-project1-417811-images/f5bec7c4c3c31f56.jpg,Saxophone
test,gs://bdcc-project1-417811-images/f7411d3a4110942b.jpg,Saxophone
test,gs://bdcc-project1-417811-images/fa5c51dee31a740e.jpg,Saxophone
test,gs://bdcc-project1-417811-images/faeada9c151e1ddb.jpg,Saxophone
test,gs://bdcc-project1-417811-images/fd4bb850a5d284f5.jpg,Saxophone
training,gs://bdcc-project1-417811-images/001dd90fc5ae92c9.jpg,Apple
training,gs://bdcc-project1-417811-images/03ccabc3fbd3bb15.jpg,Apple
training,gs://bdcc-project1-417811-images/065cfe7c1f112dbf.jpg,Apple
training,gs://bdcc-project1-417811-images/08d2eed131f4b5d9.jpg,Apple
training,gs://bdcc-project1-417811-images/096ca56a5c51f6d6.jpg,Apple
training,gs://bdcc-project1-417811-images/0da61cd490c57814.jpg,Apple
training,gs://bdcc-project1-417811-images/10628bb9eeafafbb.jpg,Apple
training,gs://bdcc-project1-417811-images/1124df73ba9c7557.jpg,Apple
training,gs://bdcc-project1-417811-images/123c5bfc13f1c62d.jpg,Apple
training,gs://bdcc-project1-417811-images/12cb37e374e3aee7.jpg,Apple
training,gs://bdcc-project1-417811-images/12fb96c87a65c542.jpg,Apple
training,gs://bdcc-project1-417811-images/13628bbfec1fe2c3.jpg,Apple
training,gs://bdcc-project1-417811-images/13c317f605023811.jpg,Apple
training,gs://bdcc-project1-417811-images/14a15a80b628f709.jpg,Apple
training,gs://bdcc-project1-417811-images/1544ceba214932cb.jpg,Apple
training,gs://bdcc-project1-417811-images/1843a54af7b109e3.jpg,Apple
training,gs://bdcc-project1-417811-images/1a30ad94ee250562.jpg,Apple
training,gs://bdcc-project1-417811-images/1aec902b1a6e3dc2.jpg,Apple
training,gs://bdcc-project1-417811-images/1b8b2f1fc532cc6d.jpg,Apple
training,gs://bdcc-project1-417811-images/1dcf7908c7b0db7c.jpg,Apple
training,gs://bdcc-project1-417811-images/1f18f7093bba01cd.jpg,Apple
training,gs://bdcc-project1-417811-images/21824a91ec537703.jpg,Apple
training,gs://bdcc-project1-417811-images/24a7d30dc785da1d.jpg,Apple
training,gs://bdcc-project1-417811-images/268675cedf27742e.jpg,Apple
training,gs://bdcc-project1-417811-images/271c873c73743121.jpg,Apple
training,gs://bdcc-project1-417811-images/2a2309bf6039917b.jpg,Apple
training,gs://bdcc-project1-417811-images/2b748f85a4fe0eb3.jpg,Apple
training,gs://bdcc-project1-417811-images/2c20a376048c4ea5.jpg,Apple
training,gs://bdcc-project1-417811-images/2cb9c8efddb5e42f.jpg,Apple
training,gs://bdcc-project1-417811-images/2ec0a7d75406b894.jpg,Apple
training,gs://bdcc-project1-417811-images/2f7a596e42ad0bbc.jpg,Apple
training,gs://bdcc-project1-417811-images/312102edb58e3cbd.jpg,Apple
training,gs://bdcc-project1-417811-images/335f368dee9f4943.jpg,Apple
training,gs://bdcc-project1-417811-images/368b586beec4c1a4.jpg,Apple
training,gs://bdcc-project1-417811-images/38ad44fc3223245e.jpg,Apple
training,gs://bdcc-project1-417811-images/3ae432176001fcca.jpg,Apple
training,gs://bdcc-project1-417811-images/3c02f16f6567141c.jpg,Apple
training,gs://bdcc-project1-417811-images/3c32f587f2c8cfae.jpg,Apple
training,gs://bdcc-project1-417811-images/3ee1b0da78f43975.jpg,Apple
training,gs://bdcc-project1-417811-images/40c73b1bdcf351ed.jpg,Apple
training,gs://bdcc-project1-417811-images/410690d34ff17eb4.jpg,Apple
training,gs://bdcc-project1-417811-images/4119f258b3d0c39e.jpg,Apple
training,gs://bdcc-project1-417811-images/4191193b13f43ec9.jpg,Apple
training,gs://bdcc-project1-417811-images/44749496c016708d.jpg,Apple
training,gs://bdcc-project1-417811-images/489785870d3d99fd.jpg,Apple
training,gs://bdcc-project1-417811-images/48c64de65f175030.jpg,Apple
training,gs://bdcc-project1-417811-images/4a1d38b90f2b8c95.jpg,Apple
training,gs://bdcc-project1-417811-images/4b51aad1fe82be44.jpg,Apple
training,gs://bdcc-project1-417811-images/4c408d33c4d1f65e.jpg,Apple
training,gs://bdcc-project1-417811-images/4cb6c76e449a3675.jpg,Apple
training,gs://bdcc-project1-417811-images/4f9d3f3c5799a974.jpg,Apple
training,gs://bdcc-project1-417811-images/504eaba8aead7bd8.jpg,Apple
training,gs://bdcc-project1-417811-images/540086171975bca2.jpg,Apple
training,gs://bdcc-project1-417811-images/540c5536e95a3282.jpg,Apple
training,gs://bdcc-project1-417811-images/54da4e8f150739d6.jpg,Apple
training,gs://bdcc-project1-417811-images/57783c2ab99d0ede.jpg,Apple
training,gs://bdcc-project1-417811-images/580308b950c6d0eb.jpg,Apple
training,gs://bdcc-project1-417811-images/592180124eb246e1.jpg,Apple
training,gs://bdcc-project1-417811-images/597f27f1d0bb088a.jpg,Apple
training,gs://bdcc-project1-417811-images/5bed6fc231e0168f.jpg,Apple
training,gs://bdcc-project1-417811-images/5c9223a2cf0c8536.jpg,Apple
training,gs://bdcc-project1-417811-images/60e323b9155aeab8.jpg,Apple
training,gs://bdcc-project1-417811-images/6210a76fd0d0965d.jpg,Apple
training,gs://bdcc-project1-417811-images/62d100326bad961a.jpg,Apple
training,gs://bdcc-project1-417811-images/639d975913a1aa8c.jpg,Apple
training,gs://bdcc-project1-417811-images/63e3f21bf59b88d8.jpg,Apple
training,gs://bdcc-project1-417811-images/64afa7b88dc8b6ab.jpg,Apple
training,gs://bdcc-project1-417811-images/6a17e12968e4d822.jpg,Apple
training,gs://bdcc-project1-417811-images/6c33f0ce6183e74a.jpg,Apple
training,gs://bdcc-project1-417811-images/6db9e48832dcd770.jpg,Apple
training,gs://bdcc-project1-417811-images/6e3b69ea7f539ba7.jpg,Apple
training,gs://bdcc-project1-417811-images/6f1f794c23e34a75.jpg,Apple
training,gs://bdcc-project1-417811-images/710268be8c67d232.jpg,Apple
training,gs://bdcc-project1-417811-images/736ed0a3406af6c7.jpg,Apple
training,gs://bdcc-project1-417811-images/739da9eb562b910c.jpg,Apple
training,gs://bdcc-project1-417811-images/73c9dc4837915366.jpg,Apple
training,gs://bdcc-project1-417811-images/75bf4fe9b26565e9.jpg,Apple
training,gs://bdcc-project1-417811-images/7c5c73943bb31a57.jpg,Apple
training,gs://bdcc-project1-417811-images/7c9c7d314498fc0e.jpg,Apple
training,gs://bdcc-project1-417811-images/7ec0563820191541.jpg,Apple
validation,gs://bdcc-project1-417811-images/7f015366e5da07a6.jpg,Apple
validation,gs://bdcc-project1-417811-images/7f5a30978d018d2f.jpg,Apple
validation,gs://bdcc-project1-417811-images/805623aa1cf3670c.jpg,Apple
validation,gs://bdcc-project1-417811-images/81cad76cc1e6950b.jpg,Apple
validation,gs://bdcc-project1-417811-images/81f670d32c59bdd9.jpg,Apple
validation,gs://bdcc-project1-417811-images/86cb54fdd7a6e20b.jpg,Apple
validation,gs://bdcc-project1-417811-images/87eb61aff5425f3e.jpg,Apple
validation,gs://bdcc-project1-417811-images/89fe933a24a773ce.jpg,Apple
validation,gs://bdcc-project1-417811-images/8b072310e73add00.jpg,Apple
validation,gs://bdcc-project1-417811-images/8b8e4fd1f51c249d.jpg,Apple
test,gs://bdcc-project1-417811-images/8c7af225915277bb.jpg,Apple
test,gs://bdcc-project1-417811-images/8d5458750088a345.jpg,Apple
test,gs://bdcc-project1-417811-images/8fa79acb97f1b7bb.jpg,Apple
test,gs://bdcc-project1-417811-images/8fc762236776e0ca.jpg,Apple
test,gs://bdcc-project1-417811-images/90cca5b0354cd6ec.jpg,Apple
test,gs://bdcc-project1-417811-images/93b8c2d62b4e602c.jpg,Apple
test,gs://bdcc-project1-417811-images/964b69442edeec04.jpg,Apple
test,gs://bdcc-project1-417811-images/96dc858fc4e47379.jpg,Apple
test,gs://bdcc-project1-417811-images/9711141e8b25c880.jpg,Apple
test,gs://bdcc-project1-417811-images/9737ccbf5f908064.jpg,Apple
training,gs://bdcc-project1-417811-images/00bac5ba29b06beb.jpg,Beetle
training,gs://bdcc-project1-417811-images/00bf63ce253deb33.jpg,Beetle
training,gs://bdcc-project1-417811-images/033ed26506d3768b.jpg,Beetle
training,gs://bdcc-project1-417811-images/0397e41deb089f40.jpg,Beetle
training,gs://bdcc-project1-417811-images/091607261c083036.jpg,Beetle
training,gs://bdcc-project1-417811-images/0c3b00ba25829145.jpg,Beetle
training,gs://bdcc-project1-417811-images/0ed58454ae1d1707.jpg,Beetle
training,gs://bdcc-project1-417811-images/0f33008c516e302b.jpg,Beetle
training,gs://bdcc-project1-417811-images/11a7ed9997a22521.jpg,Beetle
training,gs://bdcc-project1-417811-images/15d19218d699cee0.jpg,Beetle
training,gs://bdcc-project1-417811-images/162ec76abd5d27fb.jpg,Beetle
training,gs://bdcc-project1-417811-images/193387e965ec0aac.jpg,Beetle
training,gs://bdcc-project1-417811-images/1957b2ed3b8bc682.jpg,Beetle
training,gs://bdcc-project1-417811-images/1a4a6966a1e4cca2.jpg,Beetle
training,gs://bdcc-project1-417811-images/1d38469f2ce5fca2.jpg,Beetle
training,gs://bdcc-project1-417811-images/1f083ee05f49a156.jpg,Beetle
training,gs://bdcc-project1-417811-images/1f91373d7bdc33dd.jpg,Beetle
training,gs://bdcc-project1-417811-images/23cce5b013ff8367.jpg,Beetle
training,gs://bdcc-project1-417811-images/244b89b78325dc21.jpg,Beetle
training,gs://bdcc-project1-417811-images/248daaca7359977a.jpg,Beetle
training,gs://bdcc-project1-417811-images/2697312f27e440a9.jpg,Beetle
training,gs://bdcc-project1-417811-images/2a8d0d8b5693a045.jpg,Beetle
training,gs://bdcc-project1-417811-images/2ac1463cd8475e57.jpg,Beetle
training,gs://bdcc-project1-417811-images/2b9fdf2bd4d1d6e2.jpg,Beetle
training,gs://bdcc-project1-417811-images/2c05cee2600624a8.jpg,Beetle
training,gs://bdcc-project1-417811-images/2c339d2d0bfbd97d.jpg,Beetle
training,gs://bdcc-project1-417811-images/2f7b50a9010d55cd.jpg,Beetle
training,gs://bdcc-project1-417811-images/300adbb4372d52c9.jpg,Beetle
training,gs://bdcc-project1-417811-images/30b2c4a7d5aa1695.jpg,Beetle
training,gs://bdcc-project1-417811-images/3132bd3f757514ad.jpg,Beetle
training,gs://bdcc-project1-417811-images/325aa2c5478e9ba0.jpg,Beetle
training,gs://bdcc-project1-417811-images/32ceb8eb06a3af09.jpg,Beetle
training,gs://bdcc-project1-417811-images/332879b562e5b966.jpg,Beetle
training,gs://bdcc-project1-417811-images/353f5c74f4c59954.jpg,Beetle
training,gs://bdcc-project1-417811-images/376277227547ab4e.jpg,Beetle
training,gs://bdcc-project1-417811-images/38ffab22f3c941f4.jpg,Beetle
training,gs://bdcc-project1-417811-images/3b6b1c72a095e224.jpg,Beetle
training,gs://bdcc-project1-417811-images/402690289399b88d.jpg,Beetle
training,gs://bdcc-project1-417811-images/41a9e4ded5d4f345.jpg,Beetle
training,gs://bdcc-project1-417811-images/41f0b7a663f6dfc8.jpg,Beetle
training,gs://bdcc-project1-417811-images/44f83da93c3cb937.jpg,Beetle
training,gs://bdcc-project1-417811-images/4553739901ab8904.jpg,Beetle
training,gs://bdcc-project1-417811-images/46be742f03739846.jpg,Beetle
training,gs://bdcc-project1-417811-images/4d0fb41887704ca9.jpg,Beetle
training,gs://bdcc-project1-417811-images/4dbbe3c8efec0378.jpg,Beetle
training,gs://bdcc-project1-417811-images/4de7ced9233ace37.jpg,Beetle
training,gs://bdcc-project1-417811-images/4f0d36fba1c47d44.jpg,Beetle
training,gs://bdcc-project1-417811-images/4fb39172beb43600.jpg,Beetle
training,gs://bdcc-project1-417811-images/51b76f0a290b1e46.jpg,Beetle
training,gs://bdcc-project1-417811-images/530fdbb984f3b8ad.jpg,Beetle
training,gs://bdcc-project1-417811-images/55ee7137f67ed954.jpg,Beetle
training,gs://bdcc-project1-417811-images/562268e12b5a00fd.jpg,Beetle
training,gs://bdcc-project1-417811-images/5660c6d5a11830a0.jpg,Beetle
training,gs://bdcc-project1-417811-images/56fb91c275abe0de.jpg,Beetle
training,gs://bdcc-project1-417811-images/583640876ac258e2.jpg,Beetle
training,gs://bdcc-project1-417811-images/58e5cbcc17acc523.jpg,Beetle
training,gs://bdcc-project1-417811-images/5bcaaacb0876e9f2.jpg,Beetle
training,gs://bdcc-project1-417811-images/5ff69a89609d349c.jpg,Beetle
training,gs://bdcc-project1-417811-images/60677f98082e6aa2.jpg,Beetle
training,gs://bdcc-project1-417811-images/6224fde331332912.jpg,Beetle
training,gs://bdcc-project1-417811-images/6277ac9b7bda4692.jpg,Beetle
training,gs://bdcc-project1-417811-images/634bc52fdf7373fa.jpg,Beetle
training,gs://bdcc-project1-417811-images/64cb26d9712fc38d.jpg,Beetle
training,gs://bdcc-project1-417811-images/661e7bd4c8371210.jpg,Beetle
training,gs://bdcc-project1-417811-images/66f83c7554a6fcc3.jpg,Beetle
training,gs://bdcc-project1-417811-images/6b2c8099b8d547af.jpg,Beetle
training,gs://bdcc-project1-417811-images/6d818a83a8d5b4f8.jpg,Beetle
training,gs://bdcc-project1-417811-images/6ec8ef0786640566.jpg,Beetle
training,gs://bdcc-project1-417811-images/6f510c0e4d09aa3a.jpg,Beetle
training,gs://bdcc-project1-417811-images/6fdf872952bb653a.jpg,Beetle
training,gs://bdcc-project1-417811-images/7080c7526ac858ec.jpg,Beetle
training,gs://bdcc-project1-417811-images/7709f027d003e49f.jpg,Beetle
training,gs://bdcc-project1-417811-images/7aba2c72da7cd02a.jpg,Beetle
training,gs://bdcc-project1-417811-images/7be972a9fb54c909.jpg,Beetle
training,gs://bdcc-project1-417811-images/7ee1cbc92dd1bbc6.jpg,Beetle
training,gs://bdcc-project1-417811-images/7fafe616df045f85.jpg,Beetle
training,gs://bdcc-project1-417811-images/7fe6d0c937cf2cee.jpg,Beetle
training,gs://bdcc-project1-417811-images/82b9543526d8e2eb.jpg,Beetle
training,gs://bdcc-project1-417811-images/835f9ae8db6c8e61.jpg,Beetle
training,gs://bdcc-project1-417811-images/83c4bedb1a5b4fb1.jpg,Beetle
validation,gs://bdcc-project1-417811-images/881ae5690c124848.jpg,Beetle
validation,gs://bdcc-project1-417811-images/8a61491ea2bfe57d.jpg,Beetle
validation,gs://bdcc-project1-417811-images/8af6d737526f3b2c.jpg,Beetle
validation,gs://bdcc-project1-417811-images/8d50cbe8637b8286.jpg,Beetle
validation,gs://bdcc-project1-417811-images/908879198a56af49.jpg,Beetle
validation,gs://bdcc-project1-417811-images/91918a75e340ab34.jpg,Beetle
validation,gs://bdcc-project1-417811-images/94969214f8c7a869.jpg,Beetle
validation,gs://bdcc-project1-417811-images/96f4043c19b7422e.jpg,Beetle
validation,gs://bdcc-project1-417811-images/9849db011530bebf.jpg,Beetle
validation,gs://bdcc-project1-417811-images/98aadffaa83a626f.jpg,Beetle
test,gs://bdcc-project1-417811-images/9d53bd205e38a59e.jpg,Beetle
test,gs://bdcc-project1-417811-images/9e13269885d3e59b.jpg,Beetle
test,gs://bdcc-project1-417811-images/a3ded45985f434f3.jpg,Beetle
test,gs://bdcc-project1-417811-images/aa09eac153729dee.jpg,Beetle
test,gs://bdcc-project1-417811-images/aa6bca1db9094a07.jpg,Beetle
test,gs://bdcc-project1-417811-images/aa888f74b2e7b02b.jpg,Beetle
test,gs://bdcc-project1-417811-images/adc585ba02e21c77.jpg,Beetle
test,gs://bdcc-project1-417811-images/b2346769d4cba8ec.jpg,Beetle
test,gs://bdcc-project1-417811-images/b5b21a4e08cbd5cd.jpg,Beetle
test,gs://bdcc-project1-417811-images/b72844e1a990055a.jpg,Beetle
training,gs://bdcc-project1-417811-images/0075e5ecd0728123.jpg,Boot
training,gs://bdcc-project1-417811-images/00b99891c5a40697.jpg,Boot
training,gs://bdcc-project1-417811-images/01a74bc0583d02e3.jpg,Boot
training,gs://bdcc-project1-417811-images/026da28edd2e2c22.jpg,Boot
training,gs://bdcc-project1-417811-images/029982e657d83a54.jpg,Boot
training,gs://bdcc-project1-417811-images/0349efca6e822e22.jpg,Boot
training,gs://bdcc-project1-417811-images/03d80a6b7334ee7b.jpg,Boot
training,gs://bdcc-project1-417811-images/041a28a56ec73f41.jpg,Boot
training,gs://bdcc-project1-417811-images/0527df0015507693.jpg,Boot
training,gs://bdcc-project1-417811-images/0535308ca491b13d.jpg,Boot
training,gs://bdcc-project1-417811-images/054ff7865712fa13.jpg,Boot
training,gs://bdcc-project1-417811-images/05f06ff3a425e788.jpg,Boot
training,gs://bdcc-project1-417811-images/0706dc2e5e908ddf.jpg,Boot
training,gs://bdcc-project1-417811-images/072c0b43000fbc13.jpg,Boot
training,gs://bdcc-project1-417811-images/07601ffbd2638f9a.jpg,Boot
training,gs://bdcc-project1-417811-images/081870fc659cb82a.jpg,Boot
training,gs://bdcc-project1-417811-images/084cf715cf6bcc4c.jpg,Boot
training,gs://bdcc-project1-417811-images/08cdf2975921faeb.jpg,Boot
training,gs://bdcc-project1-417811-images/08f3dbc768a5cac3.jpg,Boot
training,gs://bdcc-project1-417811-images/09ab0fcb74b86405.jpg,Boot
training,gs://bdcc-project1-417811-images/0b236d0c3c194aae.jpg,Boot
training,gs://bdcc-project1-417811-images/0b5bf3274ad9bebe.jpg,Boot
training,gs://bdcc-project1-417811-images/0c68644873b6bb84.jpg,Boot
training,gs://bdcc-project1-417811-images/0cc6886934df7401.jpg,Boot
training,gs://bdcc-project1-417811-images/0d216056660d6fbb.jpg,Boot
training,gs://bdcc-project1-417811-images/0d6edf4c1c909875.jpg,Boot
training,gs://bdcc-project1-417811-images/0da021059927e742.jpg,Boot
training,gs://bdcc-project1-417811-images/0f57ec1cd2589dbb.jpg,Boot
training,gs://bdcc-project1-417811-images/0f68fcf0320c9c85.jpg,Boot
training,gs://bdcc-project1-417811-images/111e97b8d8f1cf74.jpg,Boot
training,gs://bdcc-project1-417811-images/11ddbc3dde3e0dd1.jpg,Boot
training,gs://bdcc-project1-417811-images/131a248c706aba89.jpg,Boot
training,gs://bdcc-project1-417811-images/137c28878731f19c.jpg,Boot
training,gs://bdcc-project1-417811-images/138a8b06d3dd6ac9.jpg,Boot
training,gs://bdcc-project1-417811-images/13ee0efbfc21d99f.jpg,Boot
training,gs://bdcc-project1-417811-images/14705edca05019e8.jpg,Boot
training,gs://bdcc-project1-417811-images/1483af55f9dc4ed7.jpg,Boot
training,gs://bdcc-project1-417811-images/15250166df63209c.jpg,Boot
training,gs://bdcc-project1-417811-images/15fbbe25b249bdfc.jpg,Boot
training,gs://bdcc-project1-417811-images/1673c89d3cba115d.jpg,Boot
training,gs://bdcc-project1-417811-images/16b72d29d6d842d9.jpg,Boot
training,gs://bdcc-project1-417811-images/16e1788c09fe49b9.jpg,Boot
training,gs://bdcc-project1-417811-images/16e7e6fa94245885.jpg,Boot
training,gs://bdcc-project1-417811-images/17edc59d46dca956.jpg,Boot
training,gs://bdcc-project1-417811-images/1b0305c2c6548a72.jpg,Boot
training,gs://bdcc-project1-417811-images/1b3934c060e2fb34.jpg,Boot
training,gs://bdcc-project1-417811-images/1d94d19d0a97f045.jpg,Boot
training,gs://bdcc-project1-417811-images/1f5ba2ca48da2b8f.jpg,Boot
training,gs://bdcc-project1-417811-images/1fc666576d6f6363.jpg,Boot
training,gs://bdcc-project1-417811-images/1fd44c302ceb5f8d.jpg,Boot
training,gs://bdcc-project1-417811-images/203cf7ea55248f23.jpg,Boot
training,gs://bdcc-project1-417811-images/21287eb360587897.jpg,Boot
training,gs://bdcc-project1-417811-images/22742c0abe0acc31.jpg,Boot
training,gs://bdcc-project1-417811-images/228c0435c4538512.jpg,Boot
training,gs://bdcc-project1-417811-images/2385cb6e9f2fc8e2.jpg,Boot
training,gs://bdcc-project1-417811-images/24d562e29a375a9d.jpg,Boot
training,gs://bdcc-project1-417811-images/251f404fa9b400f7.jpg,Boot
training,gs://bdcc-project1-417811-images/25974b985222975d.jpg,Boot
training,gs://bdcc-project1-417811-images/259ae479fd004754.jpg,Boot
training,gs://bdcc-project1-417811-images/259cb7f2166ac18e.jpg,Boot
training,gs://bdcc-project1-417811-images/2842b4faca2d2d08.jpg,Boot
training,gs://bdcc-project1-417811-images/28bfa2b57c62434f.jpg,Boot
training,gs://bdcc-project1-417811-images/28c8abcbf86ecbfc.jpg,Boot
training,gs://bdcc-project1-417811-images/28d60f1cd00b57a1.jpg,Boot
training,gs://bdcc-project1-417811-images/28fed98d58b388ab.jpg,Boot
training,gs://bdcc-project1-417811-images/2ad5124170e0551e.jpg,Boot
training,gs://bdcc-project1-417811-images/2b192a0e46f9e1bd.jpg,Boot
training,gs://bdcc-project1-417811-images/2c45bc130bfa453a.jpg,Boot
training,gs://bdcc-project1-417811-images/2f05bd32dd1b9446.jpg,Boot
training,gs://bdcc-project1-417811-images/2fe430563929baff.jpg,Boot
training,gs://bdcc-project1-417811-images/32e172aae0695f86.jpg,Boot
training,gs://bdcc-project1-417811-images/337204992f9d6742.jpg,Boot
training,gs://bdcc-project1-417811-images/33772f54068f5378.jpg,Boot
training,gs://bdcc-project1-417811-images/344d7927697f027d.jpg,Boot
training,gs://bdcc-project1-417811-images/34994bdadfd91181.jpg,Boot
training,gs://bdcc-project1-417811-images/36607c586d150d15.jpg,Boot
training,gs://bdcc-project1-417811-images/39eea9dfb999a4c9.jpg,Boot
training,gs://bdcc-project1-417811-images/3a5497d3e774edf8.jpg,Boot
training,gs://bdcc-project1-417811-images/3a5f3a22021be283.jpg,Boot
training,gs://bdcc-project1-417811-images/3b1221232cc30b23.jpg,Boot
validation,gs://bdcc-project1-417811-images/3b356710916291f7.jpg,Boot
validation,gs://bdcc-project1-417811-images/3c1826ac450981e7.jpg,Boot
validation,gs://bdcc-project1-417811-images/3c27666c417ee021.jpg,Boot
validation,gs://bdcc-project1-417811-images/3cc504d95fd9ad79.jpg,Boot
validation,gs://bdcc-project1-417811-images/3e47a5d8ead16fd2.jpg,Boot
validation,gs://bdcc-project1-417811-images/3f15f626446e20f9.jpg,Boot
validation,gs://bdcc-project1-417811-images/3f2f9ae99f322ff1.jpg,Boot
validation,gs://bdcc-project1-417811-images/3f8c2bfc0136506e.jpg,Boot
validation,gs://bdcc-project1-417811-images/407f9a9fedbbf118.jpg,Boot
validation,gs://bdcc-project1-417811-images/408e6a6f9f0ab7f3.jpg,Boot
test,gs://bdcc-project1-417811-images/40d5138dcc38a29c.jpg,Boot
test,gs://bdcc-project1-417811-images/420f27d20c441e7f.jpg,Boot
test,gs://bdcc-project1-417811-images/42c7f740c47625c0.jpg,Boot
test,gs://bdcc-project1-417811-images/43caee8f2fba5c99.jpg,Boot
test,gs://bdcc-project1-417811-images/4508de3432ff8735.jpg,Boot
test,gs://bdcc-project1-417811-images/45ffbf2b7b9c395c.jpg,Boot
test,gs://bdcc-project1-417811-images/47238a555fed5f8d.jpg,Boot
test,gs://bdcc-project1-417811-images/4a987dfc8e21c849.jpg,Boot
test,gs://bdcc-project1-417811-images/4af63620342b1105.jpg,Boot
test,gs://bdcc-project1-417811-images/4e1a92be80a8d7f6.jpg,Boot
training,gs://bdcc-project1-417811-images/00d03e88b1d2f7a3.jpg,Coffee
training,gs://bdcc-project1-417811-images/014d078c2ea75e4c.jpg,Coffee
training,gs://bdcc-project1-417811-images/01b15dfad04577c4.jpg,Coffee
training,gs://bdcc-project1-417811-images/01c715ada9a9b193.jpg,Coffee
training,gs://bdcc-project1-417811-images/0268212bd9a7224f.jpg,Coffee
training,gs://bdcc-project1-417811-images/02d301de1b793797.jpg,Coffee
training,gs://bdcc-project1-417811-images/02f05914f72c8b3f.jpg,Coffee
training,gs://bdcc-project1-417811-images/03e20f16eafbf89a.jpg,Coffee
training,gs://bdcc-project1-417811-images/03e3825b1b538688.jpg,Coffee
training,gs://bdcc-project1-417811-images/0639f2739131b45d.jpg,Coffee
training,gs://bdcc-project1-417811-images/0656563fdd704b9f.jpg,Coffee
training,gs://bdcc-project1-417811-images/06d3e8dbaa8580a9.jpg,Coffee
training,gs://bdcc-project1-417811-images/0aec86633421382f.jpg,Coffee
training,gs://bdcc-project1-417811-images/0b6008127f1034f7.jpg,Coffee
training,gs://bdcc-project1-417811-images/0b6927daf4ec8091.jpg,Coffee
training,gs://bdcc-project1-417811-images/0cae8fea8dacf503.jpg,Coffee
training,gs://bdcc-project1-417811-images/0d1bf7162cc49f59.jpg,Coffee
training,gs://bdcc-project1-417811-images/0fd846e855b2d868.jpg,Coffee
training,gs://bdcc-project1-417811-images/11020b1b708557da.jpg,Coffee
training,gs://bdcc-project1-417811-images/125cdbbd5197b4b3.jpg,Coffee
training,gs://bdcc-project1-417811-images/1293e16aab785aca.jpg,Coffee
training,gs://bdcc-project1-417811-images/141eeb299a586568.jpg,Coffee
training,gs://bdcc-project1-417811-images/1458c97c052c1724.jpg,Coffee
training,gs://bdcc-project1-417811-images/146d425c7b498b56.jpg,Coffee
training,gs://bdcc-project1-417811-images/14991158c9e834fb.jpg,Coffee
training,gs://bdcc-project1-417811-images/157d5242248e0537.jpg,Coffee
training,gs://bdcc-project1-417811-images/15a388b862890689.jpg,Coffee
training,gs://bdcc-project1-417811-images/15b5a9e9d05e00ac.jpg,Coffee
training,gs://bdcc-project1-417811-images/164bb602b80512fa.jpg,Coffee
training,gs://bdcc-project1-417811-images/16de13993417cfd3.jpg,Coffee
training,gs://bdcc-project1-417811-images/16eda848cd4dc979.jpg,Coffee
training,gs://bdcc-project1-417811-images/16f69b957c477a36.jpg,Coffee
training,gs://bdcc-project1-417811-images/17a108a78c12f568.jpg,Coffee
training,gs://bdcc-project1-417811-images/190343c2d130c125.jpg,Coffee
training,gs://bdcc-project1-417811-images/1a45e9a4e834edf4.jpg,Coffee
training,gs://bdcc-project1-417811-images/1a8be91fc3e0e760.jpg,Coffee
training,gs://bdcc-project1-417811-images/1c341b91436f470e.jpg,Coffee
training,gs://bdcc-project1-417811-images/1c96ad5149992b7a.jpg,Coffee
training,gs://bdcc-project1-417811-images/1cef133e2b4a28a9.jpg,Coffee
training,gs://bdcc-project1-417811-images/1d77e05466c8fb73.jpg,Coffee
training,gs://bdcc-project1-417811-images/1df6e430c821910b.jpg,Coffee
training,gs://bdcc-project1-417811-images/1e48b5386db5f951.jpg,Coffee
training,gs://bdcc-project1-417811-images/1e8d73d73a99c4ee.jpg,Coffee
training,gs://bdcc-project1-417811-images/1edc1e6648fac0b8.jpg,Coffee
training,gs://bdcc-project1-417811-images/20617601e04bec61.jpg,Coffee
training,gs://bdcc-project1-417811-images/20b5ae23fa444dda.jpg,Coffee
training,gs://bdcc-project1-417811-images/20f5491cb4afb08f.jpg,Coffee
training,gs://bdcc-project1-417811-images/20fcb54990387431.jpg,Coffee
training,gs://bdcc-project1-417811-images/22364f6f700548ec.jpg,Coffee
training,gs://bdcc-project1-417811-images/2339cc08d3d8270a.jpg,Coffee
training,gs://bdcc-project1-417811-images/23f40106e4c6ec83.jpg,Coffee
training,gs://bdcc-project1-417811-images/2425c900efde22df.jpg,Coffee
training,gs://bdcc-project1-417811-images/242fc7f5fec266ac.jpg,Coffee
training,gs://bdcc-project1-417811-images/24cd999050747f1c.jpg,Coffee
training,gs://bdcc-project1-417811-images/25966c5d130774f8.jpg,Coffee
training,gs://bdcc-project1-417811-images/25fea7a6877c06d9.jpg,Coffee
training,gs://bdcc-project1-417811-images/278454ac6d488fb6.jpg,Coffee
training,gs://bdcc-project1-417811-images/27e46f5f25ce1d6a.jpg,Coffee
training,gs://bdcc-project1-417811-images/289a6c39544ca913.jpg,Coffee
training,gs://bdcc-project1-417811-images/29762eb1ec8be16b.jpg,Coffee
training,gs://bdcc-project1-417811-images/29f01179cf799729.jpg,Coffee
training,gs://bdcc-project1-417811-images/29f90c9be2448ab6.jpg,Coffee
training,gs://bdcc-project1-417811-images/2a0eb1d7c3861b28.jpg,Coffee
training,gs://bdcc-project1-417811-images/2a28a37db2df5465.jpg,Coffee
training,gs://bdcc-project1-417811-images/2a36a01e4e069e28.jpg,Coffee
training,gs://bdcc-project1-417811-images/2b207aefb385efd2.jpg,Coffee
training,gs://bdcc-project1-417811-images/2c25b8e6aa81d768.jpg,Coffee
training,gs://bdcc-project1-417811-images/2c65b99fa5749644.jpg,Coffee
training,gs://bdcc-project1-417811-images/2c805312ff68b73c.jpg,Coffee
training,gs://bdcc-project1-417811-images/2d92e6a4e8cc083b.jpg,Coffee
training,gs://bdcc-project1-417811-images/2dbaa9299d65a8b8.jpg,Coffee
training,gs://bdcc-project1-417811-images/2dd7a363fae41093.jpg,Coffee
training,gs://bdcc-project1-417811-images/2eba94f606dbb3ea.jpg,Coffee
training,gs://bdcc-project1-417811-images/2ede9a82f2046454.jpg,Coffee
training,gs://bdcc-project1-417811-images/2ef3359369a83345.jpg,Coffee
training,gs://bdcc-project1-417811-images/2f4369c0a391c437.jpg,Coffee
training,gs://bdcc-project1-417811-images/2fdb1683aef581cf.jpg,Coffee
training,gs://bdcc-project1-417811-images/2fe6a692c080b59d.jpg,Coffee
training,gs://bdcc-project1-417811-images/2ffda31f40f1d21e.jpg,Coffee
training,gs://bdcc-project1-417811-images/30d38acdacfe06d0.jpg,Coffee
validation,gs://bdcc-project1-417811-images/31d8dfb14bc8b359.jpg,Coffee
validation,gs://bdcc-project1-417811-images/3378587edda9dfea.jpg,Coffee
validation,gs://bdcc-project1-417811-images/33829b9881fc348c.jpg,Coffee
validation,gs://bdcc-project1-417811-images/3409294994e99b0e.jpg,Coffee
validation,gs://bdcc-project1-417811-images/3445271c75ad6095.jpg,Coffee
validation,gs://bdcc-project1-417811-images/34512dec5f8b826a.jpg,Coffee
validation,gs://bdcc-project1-417811-images/35f0c320709d6234.jpg,Coffee
validation,gs://bdcc-project1-417811-images/37a5866685fce611.jpg,Coffee
validation,gs://bdcc-project1-417811-images/3859e6e9c2627b3e.jpg,Coffee
validation,gs://bdcc-project1-417811-images/38d2db7b26eb31fe.jpg,Coffee
test,gs://bdcc-project1-417811-images/3934bcc7603fe430.jpg,Coffee
test,gs://bdcc-project1-417811-images/3ae87ee2ea6765e7.jpg,Coffee
test,gs://bdcc-project1-417811-images/3c053a412650e0cf.jpg,Coffee
test,gs://bdcc-project1-417811-images/3c5f972a7f200952.jpg,Coffee
test,gs://bdcc-project1-417811-images/3ca9b70ebcba7ebf.jpg,Coffee
test,gs://bdcc-project1-417811-images/3d24e7b23cb67a02.jpg,Coffee
test,gs://bdcc-project1-417811-images/3e3026f3d78af224.jpg,Coffee
test,gs://bdcc-project1-417811-images/3ed80637de3d1a46.jpg,Coffee
test,gs://bdcc-project1-417811-images/3fdefce6f207bd29.jpg,Coffee
test,gs://bdcc-project1-417811-images/403ad50e289d4536.jpg,Coffee
training,gs://bdcc-project1-417811-images/007f824c34f86b26.jpg,Cowboy hat
training,gs://bdcc-project1-417811-images/02d22b1f4748a862.jpg,Cowboy hat
training,gs://bdcc-project1-417811-images/02faf16985aa399a.jpg,Cowboy hat
training,gs://bdcc-project1-417811-images/06854112d9fe065d.jpg,Cowboy hat
training,gs://bdcc-project1-417811-images/07f89f83af4489be.jpg,Cowboy hat
training,gs://bdcc-project1-417811-images/080424a3b51bff1b.jpg,Cowboy hat
training,gs://bdcc-project1-417811-images/09af10ae61a4ef27.jpg,Cowboy hat
training,gs://bdcc-project1-417811-images/0afaaf880d2f2b5f.jpg,Cowboy hat
training,gs://bdcc-project1-417811-images/0c9ba0a6b300209d.jpg,Cowboy hat
training,gs://bdcc-project1-417811-images/0d13c2b46b9c7937.jpg,Cowboy hat
training,gs://bdcc-project1-417811-images/0d20be77c7bb4b7e.jpg,Cowboy hat
training,gs://bdcc-project1-417811-images/0e06f9dcf91de18f.jpg,Cowboy hat
training,gs://bdcc-project1-417811-images/0f36642e3668a273.jpg,Cowboy hat
training,gs://bdcc-project1-417811-images/0f8c1cc24a2fb47b.jpg,Cowboy hat
training,gs://bdcc-project1-417811-images/156e19aaa8ad66dd.jpg,Cowboy hat
training,gs://bdcc-project1-417811-images/15d7a8ac2fcec8e4.jpg,Cowboy hat
training,gs://bdcc-project1-417811-images/162bc7e2822b1b1f.jpg,Cowboy hat
training,gs://bdcc-project1-417811-images/172738f7e2d7fce4.jpg,Cowboy hat
training,gs://bdcc-project1-417811-images/17c462fc45f573b8.jpg,Cowboy hat
training,gs://bdcc-project1-417811-images/18aacac3898d464e.jpg,Cowboy hat
training,gs://bdcc-project1-417811-images/19e234612551167b.jpg,Cowboy hat
training,gs://bdcc-project1-417811-images/1b125cb1fabfc972.jpg,Cowboy hat
training,gs://bdcc-project1-417811-images/1c1f957496c8d830.jpg,Cowboy hat
training,gs://bdcc-project1-417811-images/1e89f903de1129b9.jpg,Cowboy hat
training,gs://bdcc-project1-417811-images/1ede81394e48aa4e.jpg,Cowboy hat
training,gs://bdcc-project1-417811-images/209f5e5f22b7aed8.jpg,Cowboy hat
training,gs://bdcc-project1-417811-images/21312bc4852900a2.jpg,Cowboy hat
training,gs://bdcc-project1-417811-images/256b9f161fe64eb2.jpg,Cowboy hat
training,gs://bdcc-project1-417811-images/25ff2573b1ae4b51.jpg,Cowboy hat
training,gs://bdcc-project1-417811-images/2669c21b9e5bbd0f.jpg,Cowboy hat
training,gs://bdcc-project1-417811-images/269aa6e87201904a.jpg,Cowboy hat
training,gs://bdcc-project1-417811-images/28664bec74bba3fe.jpg,Cowboy hat
training,gs://bdcc-project1-417811-images/2c5b611f3a46d978.jpg,Cowboy hat
training,gs://bdcc-project1-417811-images/2ca618ff8b3f22c7.jpg,Cowboy hat
training,gs://bdcc-project1-417811-images/2f582bf8cd73de61.jpg,Cowboy hat
training,gs://bdcc-project1-417811-images/3210797f65ea49eb.jpg,Cowboy hat
training,gs://bdcc-project1-417811-images/32b98835018c9d96.jpg,Cowboy hat
training,gs://bdcc-project1-417811-images/32efd2d20e55e056.jpg,Cowboy hat
training,gs://bdcc-project1-417811-images/33c4e2293efaf36e.jpg,Cowboy hat
training,gs://bdcc-project1-417811-images/359d9791156e4dbc.jpg,Cowboy hat
training,gs://bdcc-project1-417811-images/3626eb664fe862b8.jpg,Cowboy hat
training,gs://bdcc-project1-417811-images/364d0be55f24616a.jpg,Cowboy hat
training,gs://bdcc-project1-417811-images/36f07ed17b3244ba.jpg,Cowboy hat
training,gs://bdcc-project1-417811-images/38c6a73c3e1fc3d2.jpg,Cowboy hat
training,gs://bdcc-project1-417811-images/3a978d8a98df6c2f.jpg,Cowboy hat
training,gs://bdcc-project1-417811-images/3b9d40f0513193dd.jpg,Cowboy hat
training,gs://bdcc-project1-417811-images/3ce10cd6a04905dc.jpg,Cowboy hat
training,gs://bdcc-project1-417811-images/3da0823c87882ceb.jpg,Cowboy hat
training,gs://bdcc-project1-417811-images/3dad98c66cf02992.jpg,Cowboy hat
training,gs://bdcc-project1-417811-images/3fbc6d3abf5d01d0.jpg,Cowboy hat
training,gs://bdcc-project1-417811-images/4275d01c05821a73.jpg,Cowboy hat
training,gs://bdcc-project1-417811-images/44cb5a86bd5f6b74.jpg,Cowboy hat
training,gs://bdcc-project1-417811-images/464a1645bc656217.jpg,Cowboy hat
training,gs://bdcc-project1-417811-images/4656b09ef4b8451b.jpg,Cowboy hat
training,gs://bdcc-project1-417811-images/465c267f531ee606.jpg,Cowboy hat
training,gs://bdcc-project1-417811-images/4661efb44b8490cf.jpg,Cowboy hat
training,gs://bdcc-project1-417811-images/47e3c30f7ba83dc9.jpg,Cowboy hat
training,gs://bdcc-project1-417811-images/480324cee4994c9a.jpg,Cowboy hat
training,gs://bdcc-project1-417811-images/4a9b34dcadd57bba.jpg,Cowboy hat
training,gs://bdcc-project1-417811-images/4b54a36ccad46f09.jpg,Cowboy hat
training,gs://bdcc-project1-417811-images/4c269db9221cc59e.jpg,Cowboy hat
training,gs://bdcc-project1-417811-images/4de9b70295af1a29.jpg,Cowboy hat
training,gs://bdcc-project1-417811-images/4ee8581f57984ebc.jpg,Cowboy hat
training,gs://bdcc-project1-417811-images/4fe7154ed5b339e3.jpg,Cowboy hat
training,gs://bdcc-project1-417811-images/51e1b79b704801f7.jpg,Cowboy hat
training,gs://bdcc-project1-417811-images/51e7e535f73e2940.jpg,Cowboy hat
training,gs://bdcc-project1-417811-images/53a96f0c616fe654.jpg,Cowboy hat
training,gs://bdcc-project1-417811-images/562683f17a6f150f.jpg,Cowboy hat
training,gs://bdcc-project1-417811-images/5c4933d03ec35055.jpg,Cowboy hat
training,gs://bdcc-project1-417811-images/5d097272d7baa121.jpg,Cowboy hat
training,gs://bdcc-project1-417811-images/5d0a13ff423fc6e9.jpg,Cowboy hat
training,gs://bdcc-project1-417811-images/5d4435e8f9fe13da.jpg,Cowboy hat
training,gs://bdcc-project1-417811-images/5db3218361f9cd01.jpg,Cowboy hat
training,gs://bdcc-project1-417811-images/6012a35bfd61df5c.jpg,Cowboy hat
training,gs://bdcc-project1-417811-images/601f519aef0f6c80.jpg,Cowboy hat
training,gs://bdcc-project1-417811-images/6032d42bd1906536.jpg,Cowboy hat
training,gs://bdcc-project1-417811-images/634e25cb0b338a6b.jpg,Cowboy hat
training,gs://bdcc-project1-417811-images/63d82673d0794060.jpg,Cowboy hat
training,gs://bdcc-project1-417811-images/65e76b80998b40d9.jpg,Cowboy hat
training,gs://bdcc-project1-417811-images/6657ffd53824b409.jpg,Cowboy hat
validation,gs://bdcc-project1-417811-images/68b6b634551b115d.jpg,Cowboy hat
validation,gs://bdcc-project1-417811-images/6a9dc620a00b5c4b.jpg,Cowboy hat
validation,gs://bdcc-project1-417811-images/6df8a3753c3ea581.jpg,Cowboy hat
validation,gs://bdcc-project1-417811-images/6e101f1e0e7079ed.jpg,Cowboy hat
validation,gs://bdcc-project1-417811-images/6e31a74abf58bbbe.jpg,Cowboy hat
validation,gs://bdcc-project1-417811-images/6fe17703a10866b8.jpg,Cowboy hat
validation,gs://bdcc-project1-417811-images/705e6b544745c7e4.jpg,Cowboy hat
validation,gs://bdcc-project1-417811-images/711127c3c5d8b181.jpg,Cowboy hat
validation,gs://bdcc-project1-417811-images/7559a2fa5ac6365c.jpg,Cowboy hat
validation,gs://bdcc-project1-417811-images/76ccde387f72dc91.jpg,Cowboy hat
test,gs://bdcc-project1-417811-images/7806bb41b0473725.jpg,Cowboy hat
test,gs://bdcc-project1-417811-images/7910decdd5e92a8c.jpg,Cowboy hat
test,gs://bdcc-project1-417811-images/799e2e9118c6ec75.jpg,Cowboy hat
test,gs://bdcc-project1-417811-images/7cc0715570de4e7f.jpg,Cowboy hat
test,gs://bdcc-project1-417811-images/7f8d8d2d5702725f.jpg,Cowboy hat
test,gs://bdcc-project1-417811-images/7f9877d7c333c130.jpg,Cowboy hat
test,gs://bdcc-project1-417811-images/8540f97669ba45e7.jpg,Cowboy hat
test,gs://bdcc-project1-417811-images/85efafe09a153480.jpg,Cowboy hat
test,gs://bdcc-project1-417811-images/89b212d1546e6c4e.jpg,Cowboy hat
test,gs://bdcc-project1-417811-images/908df3091cd49637.jpg,Cowboy hat
training,gs://bdcc-project1-417811-images/008aa959e28d602b.jpg,Cucumber
training,gs://bdcc-project1-417811-images/021d93ed50abb1ea.jpg,Cucumber
training,gs://bdcc-project1-417811-images/02411066fff6347c.jpg,Cucumber
training,gs://bdcc-project1-417811-images/03be3d072f7cb0b7.jpg,Cucumber
training,gs://bdcc-project1-417811-images/04f1b18f2647c093.jpg,Cucumber
training,gs://bdcc-project1-417811-images/06e83bda7dd99c96.jpg,Cucumber
training,gs://bdcc-project1-417811-images/073724d5bc9110f4.jpg,Cucumber
training,gs://bdcc-project1-417811-images/07a3510f16522f0e.jpg,Cucumber
training,gs://bdcc-project1-417811-images/07d4da9ff4908e0b.jpg,Cucumber
training,gs://bdcc-project1-417811-images/0821bf4e79c52159.jpg,Cucumber
training,gs://bdcc-project1-417811-images/099a78fb2fe828cd.jpg,Cucumber
training,gs://bdcc-project1-417811-images/0ff046c6a49fa066.jpg,Cucumber
training,gs://bdcc-project1-417811-images/129aea294e9aecbe.jpg,Cucumber
training,gs://bdcc-project1-417811-images/153e56e86931e922.jpg,Cucumber
training,gs://bdcc-project1-417811-images/15e9c56ed41c914b.jpg,Cucumber
training,gs://bdcc-project1-417811-images/1692bfbd67e65f90.jpg,Cucumber
training,gs://bdcc-project1-417811-images/17f0ed29a0b548fc.jpg,Cucumber
training,gs://bdcc-project1-417811-images/18c5b372c067b579.jpg,Cucumber
training,gs://bdcc-project1-417811-images/1a333d4fb0d8e3d1.jpg,Cucumber
training,gs://bdcc-project1-417811-images/1c1f37a952ea15fb.jpg,Cucumber
training,gs://bdcc-project1-417811-images/1c68d9eb5a921a43.jpg,Cucumber
training,gs://bdcc-project1-417811-images/1d9f479190d82379.jpg,Cucumber
training,gs://bdcc-project1-417811-images/1f7502272eb5fa2a.jpg,Cucumber
training,gs://bdcc-project1-417811-images/2041418c4e8970c8.jpg,Cucumber
training,gs://bdcc-project1-417811-images/21865e0774dbe0c1.jpg,Cucumber
training,gs://bdcc-project1-417811-images/2406df385f602b9b.jpg,Cucumber
training,gs://bdcc-project1-417811-images/2835f45913fcd61b.jpg,Cucumber
training,gs://bdcc-project1-417811-images/287909df1719f47e.jpg,Cucumber
training,gs://bdcc-project1-417811-images/28ba1a3819fc7149.jpg,Cucumber
training,gs://bdcc-project1-417811-images/291de70257da0065.jpg,Cucumber
training,gs://bdcc-project1-417811-images/299ab4f5618495f5.jpg,Cucumber
training,gs://bdcc-project1-417811-images/2a2ec5a3f171d9fc.jpg,Cucumber
training,gs://bdcc-project1-417811-images/2a5dd8d5ba19eb4c.jpg,Cucumber
training,gs://bdcc-project1-417811-images/2afaa8dca2a8f3d8.jpg,Cucumber
training,gs://bdcc-project1-417811-images/2f79f33e5445bb65.jpg,Cucumber
training,gs://bdcc-project1-417811-images/31c57544f03d56e6.jpg,Cucumber
training,gs://bdcc-project1-417811-images/32129227bd6a8817.jpg,Cucumber
training,gs://bdcc-project1-417811-images/354d7a327bbcc152.jpg,Cucumber
training,gs://bdcc-project1-417811-images/35662ba188f7a487.jpg,Cucumber
training,gs://bdcc-project1-417811-images/3699654bbf89fcf8.jpg,Cucumber
training,gs://bdcc-project1-417811-images/38f1ac96136d1d03.jpg,Cucumber
training,gs://bdcc-project1-417811-images/38fa96d6dba44cfa.jpg,Cucumber
training,gs://bdcc-project1-417811-images/398244a4f56198e0.jpg,Cucumber
training,gs://bdcc-project1-417811-images/3b481f7bf1be9c11.jpg,Cucumber
training,gs://bdcc-project1-417811-images/419d742a1169d5c4.jpg,Cucumber
training,gs://bdcc-project1-417811-images/42e1353e4b252052.jpg,Cucumber
training,gs://bdcc-project1-417811-images/43b9b8a3dc8602cf.jpg,Cucumber
training,gs://bdcc-project1-417811-images/447b1a9c78dd6e8b.jpg,Cucumber
training,gs://bdcc-project1-417811-images/449854c5a27d423e.jpg,Cucumber
training,gs://bdcc-project1-417811-images/45c383db65bca523.jpg,Cucumber
training,gs://bdcc-project1-417811-images/466e378beff634ab.jpg,Cucumber
training,gs://bdcc-project1-417811-images/4bd1f4c277d343f8.jpg,Cucumber
training,gs://bdcc-project1-417811-images/4d16689e6047b2cc.jpg,Cucumber
training,gs://bdcc-project1-417811-images/4d17686b27bd13b5.jpg,Cucumber
training,gs://bdcc-project1-417811-images/4df9dc09efc766c3.jpg,Cucumber
training,gs://bdcc-project1-417811-images/4e6fb086fde3720e.jpg,Cucumber
training,gs://bdcc-project1-417811-images/546a7dcb054556be.jpg,Cucumber
training,gs://bdcc-project1-417811-images/546bef454860c4b3.jpg,Cucumber
training,gs://bdcc-project1-417811-images/570a9fe7fbd97048.jpg,Cucumber
training,gs://bdcc-project1-417811-images/58502926ff03905a.jpg,Cucumber
training,gs://bdcc-project1-417811-images/59cb224c1ce3a017.jpg,Cucumber
training,gs://bdcc-project1-417811-images/5a72bfb99e34cbde.jpg,Cucumber
training,gs://bdcc-project1-417811-images/5c2ccfe6fdcacce0.jpg,Cucumber
training,gs://bdcc-project1-417811-images/5c7267419287a3ab.jpg,Cucumber
training,gs://bdcc-project1-417811-images/5e2fb60a867187c0.jpg,Cucumber
training,gs://bdcc-project1-417811-images/606388dee36ac499.jpg,Cucumber
training,gs://bdcc-project1-417811-images/6356bc42135eaeb5.jpg,Cucumber
training,gs://bdcc-project1-417811-images/63801ea9e6ff6f48.jpg,Cucumber
training,gs://bdcc-project1-417811-images/6abe5140ab25e13d.jpg,Cucumber
training,gs://bdcc-project1-417811-images/6b99c64bd1ead75b.jpg,Cucumber
training,gs://bdcc-project1-417811-images/6f611c215f228129.jpg,Cucumber
training,gs://bdcc-project1-417811-images/729cb09b2648bf1b.jpg,Cucumber
training,gs://bdcc-project1-417811-images/757eea9c315ea188.jpg,Cucumber
training,gs://bdcc-project1-417811-images/78d301f0e6085d13.jpg,Cucumber
training,gs://bdcc-project1-417811-images/7b9e6318ebffa6b1.jpg,Cucumber
training,gs://bdcc-project1-417811-images/7d0be6f40207186c.jpg,Cucumber
training,gs://bdcc-project1-417811-images/7d58dba4d502780a.jpg,Cucumber
training,gs://bdcc-project1-417811-images/8014d74022eac9cf.jpg,Cucumber
training,gs://bdcc-project1-417811-images/80b5d6f5cd2303a7.jpg,Cucumber
training,gs://bdcc-project1-417811-images/80f5a373aa2e153a.jpg,Cucumber
validation,gs://bdcc-project1-417811-images/85aa4d179e0f3ac2.jpg,Cucumber
validation,gs://bdcc-project1-417811-images/893d742b579a4124.jpg,Cucumber
validation,gs://bdcc-project1-417811-images/8c4ed7d960e3299a.jpg,Cucumber
validation,gs://bdcc-project1-417811-images/8e5632d35c91e78d.jpg,Cucumber
validation,gs://bdcc-project1-417811-images/903842563d036aaa.jpg,Cucumber
validation,gs://bdcc-project1-417811-images/94a6a1a3345697f5.jpg,Cucumber
validation,gs://bdcc-project1-417811-images/95d0d9f02332d933.jpg,Cucumber
validation,gs://bdcc-project1-417811-images/96e81b2cec781ffc.jpg,Cucumber
validation,gs://bdcc-project1-417811-images/976248e0db7a0256.jpg,Cucumber
validation,gs://bdcc-project1-417811-images/9a2975e515a711c4.jpg,Cucumber
test,gs://bdcc-project1-417811-images/9ef1fda32619b08e.jpg,Cucumber
test,gs://bdcc-project1-417811-images/a633844ae3f4db09.jpg,Cucumber
test,gs://bdcc-project1-417811-images/a6b1d8432bc669d8.jpg,Cucumber
test,gs://bdcc-project1-417811-images/a894e4e534f42a40.jpg,Cucumber
test,gs://bdcc-project1-417811-images/ac1706f5f1aa154b.jpg,Cucumber
test,gs://bdcc-project1-417811-images/b0ae8a766b4ef7ed.jpg,Cucumber
test,gs://bdcc-project1-417811-images/b3cf6e29a2139b41.jpg,Cucumber
test,gs://bdcc-project1-417811-images/b506a0c37249b713.jpg,Cucumber
test,gs://bdcc-project1-417811-images/b95bef21244d90d6.jpg,Cucumber
test,gs://bdcc-project1-417811-images/bdc52c1dd2a65681.jpg,Cucumber
training,gs://bdcc-project1-417811-images/0044247496fe4a6d.jpg,Football helmet
training,gs://bdcc-project1-417811-images/0110e8ec47d60bda.jpg,Football helmet
training,gs://bdcc-project1-417811-images/01aaadad1c24bff4.jpg,Football helmet
training,gs://bdcc-project1-417811-images/058567362019b68c.jpg,Football helmet
training,gs://bdcc-project1-417811-images/05969342ef188768.jpg,Football helmet
training,gs://bdcc-project1-417811-images/05c77dd04223955b.jpg,Football helmet
training,gs://bdcc-project1-417811-images/0bd97cc657f4c3f4.jpg,Football helmet
training,gs://bdcc-project1-417811-images/0d39d9e21db3be83.jpg,Football helmet
training,gs://bdcc-project1-417811-images/0f6367eb190d0505.jpg,Football helmet
training,gs://bdcc-project1-417811-images/1558e9c66a48828e.jpg,Football helmet
training,gs://bdcc-project1-417811-images/160df67d47d9b03a.jpg,Football helmet
training,gs://bdcc-project1-417811-images/16cac4e128d5253c.jpg,Football helmet
training,gs://bdcc-project1-417811-images/1805dc51e061ee3f.jpg,Football helmet
training,gs://bdcc-project1-417811-images/18ef3c3b44398222.jpg,Football helmet
training,gs://bdcc-project1-417811-images/1a427464f981a9ba.jpg,Football helmet
training,gs://bdcc-project1-417811-images/1c10a1394edcb76f.jpg,Football helmet
training,gs://bdcc-project1-417811-images/1c469933a7ffbb28.jpg,Football helmet
training,gs://bdcc-project1-417811-images/1e488210352534a0.jpg,Football helmet
training,gs://bdcc-project1-417811-images/1ef48040995e65b7.jpg,Football helmet
training,gs://bdcc-project1-417811-images/20f78a320cd141a8.jpg,Football helmet
training,gs://bdcc-project1-417811-images/235ac11ca4355b89.jpg,Football helmet
training,gs://bdcc-project1-417811-images/26c881a4fad723e9.jpg,Football helmet
training,gs://bdcc-project1-417811-images/26dbc26f819a0d68.jpg,Football helmet
training,gs://bdcc-project1-417811-images/27bd6c008aa821ca.jpg,Football helmet
training,gs://bdcc-project1-417811-images/293f56dc17a59733.jpg,Football helmet
training,gs://bdcc-project1-417811-images/2b96c29af68b1289.jpg,Football helmet
training,gs://bdcc-project1-417811-images/2f2882220d625f8d.jpg,Football helmet
training,gs://bdcc-project1-417811-images/3211543f7f5fa899.jpg,Football helmet
training,gs://bdcc-project1-417811-images/32360caac3d5d9c4.jpg,Football helmet
training,gs://bdcc-project1-417811-images/329f8fb1f22914ed.jpg,Football helmet
training,gs://bdcc-project1-417811-images/33152a9dccf23f36.jpg,Football helmet
training,gs://bdcc-project1-417811-images/33f91329d43a40f1.jpg,Football helmet
training,gs://bdcc-project1-417811-images/3601de93a0e5fd67.jpg,Football helmet
training,gs://bdcc-project1-417811-images/361e85289196f54e.jpg,Football helmet
training,gs://bdcc-project1-417811-images/37d0a36c5b549ff7.jpg,Football helmet
training,gs://bdcc-project1-417811-images/3acf988b135f7f11.jpg,Football helmet
training,gs://bdcc-project1-417811-images/3bb5e5ae5f472fb4.jpg,Football helmet
training,gs://bdcc-project1-417811-images/40b910d5f7a2a3f9.jpg,Football helmet
training,gs://bdcc-project1-417811-images/41af3b99b731ae99.jpg,Football helmet
training,gs://bdcc-project1-417811-images/465e10af9b6e3ef5.jpg,Football helmet
training,gs://bdcc-project1-417811-images/4852eaafb0b97c25.jpg,Football helmet
training,gs://bdcc-project1-417811-images/48823a815425c016.jpg,Football helmet
training,gs://bdcc-project1-417811-images/4c13d58d1bfdc4a1.jpg,Football helmet
training,gs://bdcc-project1-417811-images/4e1879c6d0c43e12.jpg,Football helmet
training,gs://bdcc-project1-417811-images/50339e04a107aa9a.jpg,Football helmet
training,gs://bdcc-project1-417811-images/5081ae7d7bd1a83a.jpg,Football helmet
training,gs://bdcc-project1-417811-images/50adec84343b43c1.jpg,Football helmet
training,gs://bdcc-project1-417811-images/5343b64732666414.jpg,Football helmet
training,gs://bdcc-project1-417811-images/534af61fae5fe4d4.jpg,Football helmet
training,gs://bdcc-project1-417811-images/54e6dd279871e589.jpg,Football helmet
training,gs://bdcc-project1-417811-images/59440580cb80e791.jpg,Football helmet
training,gs://bdcc-project1-417811-images/5af46ac5d796f985.jpg,Football helmet
training,gs://bdcc-project1-417811-images/5deaf6d5afd374d7.jpg,Football helmet
training,gs://bdcc-project1-417811-images/5e8fa0b455efc7e0.jpg,Football helmet
training,gs://bdcc-project1-417811-images/5f8c8145f6faf224.jpg,Football helmet
training,gs://bdcc-project1-417811-images/617cd2fee3fc2d8d.jpg,Football helmet
training,gs://bdcc-project1-417811-images/628862b4afc3c664.jpg,Football helmet
training,gs://bdcc-project1-417811-images/6331e554afde0b06.jpg,Football helmet
training,gs://bdcc-project1-417811-images/654d741e1d80fd43.jpg,Football helmet
training,gs://bdcc-project1-417811-images/66aa1a7440a70ed5.jpg,Football helmet
training,gs://bdcc-project1-417811-images/68810b6bdbf381cd.jpg,Football helmet
training,gs://bdcc-project1-417811-images/6a356b4b317fba15.jpg,Football helmet
training,gs://bdcc-project1-417811-images/6a4333919b1382f8.jpg,Football helmet
training,gs://bdcc-project1-417811-images/6bac09629b0acced.jpg,Football helmet
training,gs://bdcc-project1-417811-images/6bbf4a10a4feffc0.jpg,Football helmet
training,gs://bdcc-project1-417811-images/6c81fc372e22250d.jpg,Football helmet
training,gs://bdcc-project1-417811-images/6f9d7a5776695ab1.jpg,Football helmet
training,gs://bdcc-project1-417811-images/70334a76f67850c4.jpg,Football helmet
training,gs://bdcc-project1-417811-images/7334550862dbd6b0.jpg,Football helmet
training,gs://bdcc-project1-417811-images/7a69e5dbf0531bcb.jpg,Football helmet
training,gs://bdcc-project1-417811-images/7a72d3c76c89fa1e.jpg,Football helmet
training,gs://bdcc-project1-417811-images/7e8f1095b4e20df9.jpg,Football helmet
training,gs://bdcc-project1-417811-images/81df736a97b30fb6.jpg,Football helmet
training,gs://bdcc-project1-417811-images/84a4607710e70563.jpg,Football helmet
training,gs://bdcc-project1-417811-images/84de19c3074c6711.jpg,Football helmet
training,gs://bdcc-project1-417811-images/8687907a704efff9.jpg,Football helmet
training,gs://bdcc-project1-417811-images/868c9d9a38ee315a.jpg,Football helmet
training,gs://bdcc-project1-417811-images/86fb54cd63be4d3b.jpg,Football helmet
training,gs://bdcc-project1-417811-images/8773e130bca83660.jpg,Football helmet
training,gs://bdcc-project1-417811-images/87ddda4650fc708c.jpg,Football helmet
validation,gs://bdcc-project1-417811-images/8d1a9e98923b2fcc.jpg,Football helmet
validation,gs://bdcc-project1-417811-images/8f24319062bd51dc.jpg,Football helmet
validation,gs://bdcc-project1-417811-images/90a107c7ebd26749.jpg,Football helmet
validation,gs://bdcc-project1-417811-images/90a4e4e319256575.jpg,Football helmet
validation,gs://bdcc-project1-417811-images/92258080bdce5a08.jpg,Football helmet
validation,gs://bdcc-project1-417811-images/928da442f5cac51e.jpg,Football helmet
validation,gs://bdcc-project1-417811-images/9358093885caaa5a.jpg,Football helmet
validation,gs://bdcc-project1-417811-images/941396cad9703faa.jpg,Football helmet
validation,gs://bdcc-project1-417811-images/97e050e44f06f86f.jpg,Football helmet
validation,gs://bdcc-project1-417811-images/99c9e0f6f3a949c2.jpg,Football helmet
test,gs://bdcc-project1-417811-images/9b709d6d78b1e384.jpg,Football helmet
test,gs://bdcc-project1-417811-images/9b99ca7a0afc031c.jpg,Football helmet
test,gs://bdcc-project1-417811-images/9d843b2a03558a69.jpg,Football helmet
test,gs://bdcc-project1-417811-images/9e483e32ca84fbd6.jpg,Football helmet
test,gs://bdcc-project1-417811-images/9f8163b4cd4a27a7.jpg,Football helmet
test,gs://bdcc-project1-417811-images/a38e9efbe565fc73.jpg,Football helmet
test,gs://bdcc-project1-417811-images/a4225c52d7b2daec.jpg,Football helmet
test,gs://bdcc-project1-417811-images/a6673f58d606426c.jpg,Football helmet
test,gs://bdcc-project1-417811-images/a824dbab388784e8.jpg,Football helmet
test,gs://bdcc-project1-417811-images/a8f20bba893691e0.jpg,Football helmet
training,gs://bdcc-project1-417811-images/00dbabf445242ba3.jpg,Goat
training,gs://bdcc-project1-417811-images/017fdd2b45d070bf.jpg,Goat
training,gs://bdcc-project1-417811-images/0a26c136285b5f40.jpg,Goat
training,gs://bdcc-project1-417811-images/0af497431132df18.jpg,Goat
training,gs://bdcc-project1-417811-images/0bfd8ef96228aeee.jpg,Goat
training,gs://bdcc-project1-417811-images/0de810360aa4ab15.jpg,Goat
training,gs://bdcc-project1-417811-images/0e339658d17b8711.jpg,Goat
training,gs://bdcc-project1-417811-images/10abae5a94fe5368.jpg,Goat
training,gs://bdcc-project1-417811-images/1181985eab79d267.jpg,Goat
training,gs://bdcc-project1-417811-images/153d164e827a6716.jpg,Goat
training,gs://bdcc-project1-417811-images/15ad1a8c516ebe5b.jpg,Goat
training,gs://bdcc-project1-417811-images/16e0044a9dce8b92.jpg,Goat
training,gs://bdcc-project1-417811-images/1877d295a2a99a43.jpg,Goat
training,gs://bdcc-project1-417811-images/1b2c6ebb20def408.jpg,Goat
training,gs://bdcc-project1-417811-images/1c169ca0ae17a9bd.jpg,Goat
training,gs://bdcc-project1-417811-images/1efde74ff07fbbc7.jpg,Goat
training,gs://bdcc-project1-417811-images/1fe7a99c23f64885.jpg,Goat
training,gs://bdcc-project1-417811-images/2403d626c7c2b95d.jpg,Goat
training,gs://bdcc-project1-417811-images/241670ce818d0745.jpg,Goat
training,gs://bdcc-project1-417811-images/247ed9ca9a89f388.jpg,Goat
training,gs://bdcc-project1-417811-images/27b503029b2a9393.jpg,Goat
training,gs://bdcc-project1-417811-images/288f117ace624a04.jpg,Goat
training,gs://bdcc-project1-417811-images/2943d0b287192baa.jpg,Goat
training,gs://bdcc-project1-417811-images/2d21b50ce97c6fed.jpg,Goat
training,gs://bdcc-project1-417811-images/2d47873f3dd75e20.jpg,Goat
training,gs://bdcc-project1-417811-images/2f6ca4f850d8aa34.jpg,Goat
training,gs://bdcc-project1-417811-images/2faec3ce69fc47bc.jpg,Goat
training,gs://bdcc-project1-417811-images/305f026be486e7de.jpg,Goat
training,gs://bdcc-project1-417811-images/316c79766dc073aa.jpg,Goat
training,gs://bdcc-project1-417811-images/321e326fc4a9a566.jpg,Goat
training,gs://bdcc-project1-417811-images/347f22f6b2429b05.jpg,Goat
training,gs://bdcc-project1-417811-images/34afe812626ff4e8.jpg,Goat
training,gs://bdcc-project1-417811-images/34c2e9da0b51f345.jpg,Goat
training,gs://bdcc-project1-417811-images/3750075e3b01b1f9.jpg,Goat
training,gs://bdcc-project1-417811-images/377c126072483d1a.jpg,Goat
training,gs://bdcc-project1-417811-images/39969240ced50cbe.jpg,Goat
training,gs://bdcc-project1-417811-images/3b4bc34797729d1d.jpg,Goat
training,gs://bdcc-project1-417811-images/3bac090cc477cf74.jpg,Goat
training,gs://bdcc-project1-417811-images/3c516b93884e854a.jpg,Goat
training,gs://bdcc-project1-417811-images/3c738dc9f5571930.jpg,Goat
training,gs://bdcc-project1-417811-images/3c9e31c02199049d.jpg,Goat
training,gs://bdcc-project1-417811-images/3d37a6b6be146c12.jpg,Goat
training,gs://bdcc-project1-417811-images/3e25c699605eb379.jpg,Goat
training,gs://bdcc-project1-417811-images/3e28ffc80e2553c4.jpg,Goat
training,gs://bdcc-project1-417811-images/3e37fdef983faef3.jpg,Goat
training,gs://bdcc-project1-417811-images/3f4165b3d5196780.jpg,Goat
training,gs://bdcc-project1-417811-images/40003df857c97972.jpg,Goat
training,gs://bdcc-project1-417811-images/420781f846e31998.jpg,Goat
training,gs://bdcc-project1-417811-images/430bc5b07c55d02f.jpg,Goat
training,gs://bdcc-project1-417811-images/454b63eed80cdea5.jpg,Goat
training,gs://bdcc-project1-417811-images/457ff1b17f74721a.jpg,Goat
training,gs://bdcc-project1-417811-images/45afbaca1e58504f.jpg,Goat
training,gs://bdcc-project1-417811-images/45b3eb40d95f2e81.jpg,Goat
training,gs://bdcc-project1-417811-images/495a876d857dc370.jpg,Goat
training,gs://bdcc-project1-417811-images/4a2ac6e0c85727c7.jpg,Goat
training,gs://bdcc-project1-417811-images/4a51f8dd244cd303.jpg,Goat
training,gs://bdcc-project1-417811-images/4b0ecbc805fceaaa.jpg,Goat
training,gs://bdcc-project1-417811-images/4ba875064f8417e9.jpg,Goat
training,gs://bdcc-project1-417811-images/4bd660fabab94078.jpg,Goat
training,gs://bdcc-project1-417811-images/4c41513fb1c9bf62.jpg,Goat
training,gs://bdcc-project1-417811-images/4c675cb8ef974663.jpg,Goat
training,gs://bdcc-project1-417811-images/4eb2c72a6ea1cd4f.jpg,Goat
training,gs://bdcc-project1-417811-images/50004b537dea9680.jpg,Goat
training,gs://bdcc-project1-417811-images/515bcadc8a37f915.jpg,Goat
training,gs://bdcc-project1-417811-images/518583e58c869a2a.jpg,Goat
training,gs://bdcc-project1-417811-images/51c14491dd8f589c.jpg,Goat
training,gs://bdcc-project1-417811-images/52772cb60ec8b604.jpg,Goat
training,gs://bdcc-project1-417811-images/52f4935660343e40.jpg,Goat
training,gs://bdcc-project1-417811-images/538ac1a4ddf9ed1f.jpg,Goat
training,gs://bdcc-project1-417811-images/56f184605e749fcc.jpg,Goat
training,gs://bdcc-project1-417811-images/5787f519826f31ad.jpg,Goat
training,gs://bdcc-project1-417811-images/5806672761e3a840.jpg,Goat
training,gs://bdcc-project1-417811-images/59dd6b3d9fdf252d.jpg,Goat
training,gs://bdcc-project1-417811-images/59ee2fabd15fcce4.jpg,Goat
training,gs://bdcc-project1-417811-images/5ad952fd8b7a5422.jpg,Goat
training,gs://bdcc-project1-417811-images/5b5e5614e196b919.jpg,Goat
training,gs://bdcc-project1-417811-images/5bb6d70d8f07ea3e.jpg,Goat
training,gs://bdcc-project1-417811-images/5bcf1ad79dda113b.jpg,Goat
training,gs://bdcc-project1-417811-images/5c5f0ea14f4291b8.jpg,Goat
training,gs://bdcc-project1-417811-images/5cad25e9249d6bda.jpg,Goat
validation,gs://bdcc-project1-417811-images/5ce0d1e24521996b.jpg,Goat
validation,gs://bdcc-project1-417811-images/5ed38f9252c8ff13.jpg,Goat
validation,gs://bdcc-project1-417811-images/607c31e91bbcbd55.jpg,Goat
validation,gs://bdcc-project1-417811-images/67ae19d6151d4c2c.jpg,Goat
validation,gs://bdcc-project1-417811-images/67cb4d8750ad13a3.jpg,Goat
validation,gs://bdcc-project1-417811-images/6a01b949ef0b3a3a.jpg,Goat
validation,gs://bdcc-project1-417811-images/6b43582b6443928b.jpg,Goat
validation,gs://bdcc-project1-417811-images/70496b2b4ad32f1f.jpg,Goat
validation,gs://bdcc-project1-417811-images/714ce39b4659ac71.jpg,Goat
validation,gs://bdcc-project1-417811-images/7217537d27457d2d.jpg,Goat
test,gs://bdcc-project1-417811-images/736865256b6733d5.jpg,Goat
test,gs://bdcc-project1-417811-images/75eee510cecafd13.jpg,Goat
test,gs://bdcc-project1-417811-images/7a89b4fc43ee7c13.jpg,Goat
test,gs://bdcc-project1-417811-images/7aa5d3c38820737b.jpg,Goat
test,gs://bdcc-project1-417811-images/7fd5a774e62a93ee.jpg,Goat
test,gs://bdcc-project1-417811-images/851c43ad70d10f45.jpg,Goat
test,gs://bdcc-project1-417811-images/865371442755e110.jpg,Goat
test,gs://bdcc-project1-417811-images/8a60c9030d62458a.jpg,Goat
test,gs://bdcc-project1-417811-images/8acd38bf351594ca.jpg,Goat
test,gs://bdcc-project1-417811-images/8b55a05614a3501c.jpg,Goat
training,gs://bdcc-project1-417811-images/01322892e45cc435.jpg,Hamster
training,gs://bdcc-project1-417811-images/039c752e5de51b8a.jpg,Hamster
training,gs://bdcc-project1-417811-images/04318cb343f80860.jpg,Hamster
training,gs://bdcc-project1-417811-images/06b2069f091ee596.jpg,Hamster
training,gs://bdcc-project1-417811-images/0ab0df1065520be2.jpg,Hamster
training,gs://bdcc-project1-417811-images/0ceef1d021e3c616.jpg,Hamster
training,gs://bdcc-project1-417811-images/0e8964be4c355894.jpg,Hamster
training,gs://bdcc-project1-417811-images/0fafae9764b485a1.jpg,Hamster
training,gs://bdcc-project1-417811-images/10fc6aba665cecea.jpg,Hamster
training,gs://bdcc-project1-417811-images/12adf09b8be4f512.jpg,Hamster
training,gs://bdcc-project1-417811-images/12e234eba04c7888.jpg,Hamster
training,gs://bdcc-project1-417811-images/1366ba3108da6171.jpg,Hamster
training,gs://bdcc-project1-417811-images/1798f8e52818936f.jpg,Hamster
training,gs://bdcc-project1-417811-images/1f118f1359caddc0.jpg,Hamster
training,gs://bdcc-project1-417811-images/2094ce28fdc83060.jpg,Hamster
training,gs://bdcc-project1-417811-images/2280f7c192f6007b.jpg,Hamster
training,gs://bdcc-project1-417811-images/22cb787284c85595.jpg,Hamster
training,gs://bdcc-project1-417811-images/2653d1ffc451caf6.jpg,Hamster
training,gs://bdcc-project1-417811-images/26fc772e71d2e6f8.jpg,Hamster
training,gs://bdcc-project1-417811-images/29e4312571967df1.jpg,Hamster
training,gs://bdcc-project1-417811-images/2e5cd531f6b4680e.jpg,Hamster
training,gs://bdcc-project1-417811-images/2f170d8b435b0145.jpg,Hamster
training,gs://bdcc-project1-417811-images/2f4595908ee1ed5c.jpg,Hamster
training,gs://bdcc-project1-417811-images/2fa1484693b95b78.jpg,Hamster
training,gs://bdcc-project1-417811-images/3049e5534d5fadc4.jpg,Hamster
training,gs://bdcc-project1-417811-images/305ac2f729123abc.jpg,Hamster
training,gs://bdcc-project1-417811-images/30e15713103581c7.jpg,Hamster
training,gs://bdcc-project1-417811-images/35005550db6df40d.jpg,Hamster
training,gs://bdcc-project1-417811-images/3582d4dc65ed72fc.jpg,Hamster
training,gs://bdcc-project1-417811-images/36a059aa5faab323.jpg,Hamster
training,gs://bdcc-project1-417811-images/379281341b6faf8b.jpg,Hamster
training,gs://bdcc-project1-417811-images/379938a8bb7bce2d.jpg,Hamster
training,gs://bdcc-project1-417811-images/37fa2abda1bf39bd.jpg,Hamster
training,gs://bdcc-project1-417811-images/38c45e9c3657b92b.jpg,Hamster
training,gs://bdcc-project1-417811-images/3a967a46879a5e46.jpg,Hamster
training,gs://bdcc-project1-417811-images/3c3e2cd62217775c.jpg,Hamster
training,gs://bdcc-project1-417811-images/3ce1f806251201eb.jpg,Hamster
training,gs://bdcc-project1-417811-images/43a83bd438b6faf9.jpg,Hamster
training,gs://bdcc-project1-417811-images/43cf967f30c00367.jpg,Hamster
training,gs://bdcc-project1-417811-images/472f07013fe1fb53.jpg,Hamster
training,gs://bdcc-project1-417811-images/4c32899cae50ec1d.jpg,Hamster
training,gs://bdcc-project1-417811-images/4d61b2bcd8089999.jpg,Hamster
training,gs://bdcc-project1-417811-images/4dc81b302227219b.jpg,Hamster
training,gs://bdcc-project1-417811-images/4e07bd5d873e1125.jpg,Hamster
training,gs://bdcc-project1-417811-images/4fb045521e239eb6.jpg,Hamster
training,gs://bdcc-project1-417811-images/50c932036e5ced1d.jpg,Hamster
training,gs://bdcc-project1-417811-images/516037605f2493b7.jpg,Hamster
training,gs://bdcc-project1-417811-images/5356c849811400d4.jpg,Hamster
training,gs://bdcc-project1-417811-images/53b6cacc653d526e.jpg,Hamster
training,gs://bdcc-project1-417811-images/5431b3ed69b0de5e.jpg,Hamster
training,gs://bdcc-project1-417811-images/56a614015e929724.jpg,Hamster
training,gs://bdcc-project1-417811-images/5896b411e1a18f8c.jpg,Hamster
training,gs://bdcc-project1-417811-images/5a05436021a5a48e.jpg,Hamster
training,gs://bdcc-project1-417811-images/5c6a6d2b66fc7536.jpg,Hamster
training,gs://bdcc-project1-417811-images/5d99436c45dbe1ab.jpg,Hamster
training,gs://bdcc-project1-417811-images/5e90635844b31982.jpg,Hamster
training,gs://bdcc-project1-417811-images/5ed2792fa21e0344.jpg,Hamster
training,gs://bdcc-project1-417811-images/5fc672e4c41d74a2.jpg,Hamster
training,gs://bdcc-project1-417811-images/5ffed6796003cac9.jpg,Hamster
training,gs://bdcc-project1-417811-images/619f0a09c03c8c13.jpg,Hamster
training,gs://bdcc-project1-417811-images/61eb9af23de930ce.jpg,Hamster
training,gs://bdcc-project1-417811-images/628581a67039f245.jpg,Hamster
training,gs://bdcc-project1-417811-images/656a03af51b510ca.jpg,Hamster
training,gs://bdcc-project1-417811-images/6cf012cdecdb5f17.jpg,Hamster
training,gs://bdcc-project1-417811-images/6e476377df9cab13.jpg,Hamster
training,gs://bdcc-project1-417811-images/6e7ffb832600068f.jpg,Hamster
training,gs://bdcc-project1-417811-images/701666b11179ff86.jpg,Hamster
training,gs://bdcc-project1-417811-images/7259c38b37d781c5.jpg,Hamster
training,gs://bdcc-project1-417811-images/73362d0ce7707b36.jpg,Hamster
training,gs://bdcc-project1-417811-images/74fb614c54566820.jpg,Hamster
training,gs://bdcc-project1-417811-images/76d67fe26f7576aa.jpg,Hamster
training,gs://bdcc-project1-417811-images/77ad80892094bf90.jpg,Hamster
training,gs://bdcc-project1-417811-images/796a7cc117e943f7.jpg,Hamster
training,gs://bdcc-project1-417811-images/7a20fc5bc67df141.jpg,Hamster
training,gs://bdcc-project1-417811-images/7b515617752c01bd.jpg,Hamster
training,gs://bdcc-project1-417811-images/7c11ab4f340131d0.jpg,Hamster
training,gs://bdcc-project1-417811-images/7c557d7b8d0b025d.jpg,Hamster
training,gs://bdcc-project1-417811-images/7c8ee612dca41547.jpg,Hamster
training,gs://bdcc-project1-417811-images/7d1bd29016801cb0.jpg,Hamster
training,gs://bdcc-project1-417811-images/7d64c6f9f6289698.jpg,Hamster
validation,gs://bdcc-project1-417811-images/7dcd230f1ca99a56.jpg,Hamster
validation,gs://bdcc-project1-417811-images/7e0a6400a544a63c.jpg,Hamster
validation,gs://bdcc-project1-417811-images/7eccc7dff9449616.jpg,Hamster
validation,gs://bdcc-project1-417811-images/7edcaee4aee70177.jpg,Hamster
validation,gs://bdcc-project1-417811-images/85946b14b88d058e.jpg,Hamster
validation,gs://bdcc-project1-417811-images/85c077aa6d2c08df.jpg,Hamster
validation,gs://bdcc-project1-417811-images/8611daf9df02796b.jpg,Hamster
validation,gs://bdcc-project1-417811-images/8858d0f8673ca283.jpg,Hamster
validation,gs://bdcc-project1-417811-images/889dfe73119f7736.jpg,Hamster
validation,gs://bdcc-project1-417811-images/8968a4736f4774ee.jpg,Hamster
test,gs://bdcc-project1-417811-images/8c210036e8b055c3.jpg,Hamster
test,gs://bdcc-project1-417811-images/8d325902b1247086.jpg,Hamster
test,gs://bdcc-project1-417811-images/8da9a168132fa35d.jpg,Hamster
test,gs://bdcc-project1-417811-images/8db20d59dded2e02.jpg,Hamster
test,gs://bdcc-project1-417811-images/9026cba7ff5c25b6.jpg,Hamster
test,gs://bdcc-project1-417811-images/96a448c8bce80fcc.jpg,Hamster
test,gs://bdcc-project1-417811-images/975d1f784ff3d123.jpg,Hamster
test,gs://bdcc-project1-417811-images/9a550010f166cbab.jpg,Hamster
test,gs://bdcc-project1-417811-images/9d0f08e02cc5b7f9.jpg,Hamster
test,gs://bdcc-project1-417811-images/9d212655dfcca465.jpg,Hamster